{
  "dataset": "Indian Pines",
  "seed": 42,
  "numpy": "2.1.3",
  "torch": "2.11.0+cpu",
  "config": {
    "LR_QUANTUM": 0.0005,
    "N_QUBITS": 4,
    "N_REUP_LAYERS": 4,
    "TOPOLOGY_BETA": 0.05,
    "N_SUB_ROTATIONS": 3,
    "PATCH_SIZE": 9,
    "BATCH_SIZE": 16,
    "N_EPOCHS": 50,
    "LR_CLASSICAL": 0.001,
    "WEIGHT_DECAY": 0.0001,
    "FOCAL_GAMMA": 2.0,
    "GRAD_CLIP_NORM": 5.0,
    "TRAIN_PER_CLASS": 30,
    "VAL_PER_CLASS": 15,
    "TEST_PER_CLASS": 50,
    "DROPOUT": 0.2,
    "SPATIAL_DIM": 32,
    "FUSION_DIM": 64,
    "ROUTER_BOTTLENECK": 32
  },
  "param_counts": {
    "total": 125700,
    "quantum": 100908,
    "spatial": 21312,
    "classifier": 3408,
    "bn": 72
  },
  "gate_counts": {
    "total_rot_gates": 48,
    "total_crz_gates": 12,
    "trainable_thetas": 144
  },
  "train_time_s": 1601.3263230323792,
  "best_epoch": 41,
  "val": {
    "oa": 0.8982300884955752,
    "aa": 0.9041666666666666,
    "kappa": 0.891246129383212,
    "per_class_acc": [
      1.0,
      0.7333333333333333,
      0.7333333333333333,
      0.8666666666666667,
      1.0,
      0.9333333333333333,
      1.0,
      1.0,
      1.0,
      0.6666666666666666,
      0.8,
      0.9333333333333333,
      1.0,
      0.9333333333333333,
      0.8666666666666667,
      1.0
    ],
    "precision": [
      1.0,
      0.9166666666666666,
      0.8461538461538461,
      0.8125,
      0.9375,
      0.9333333333333333,
      1.0,
      1.0,
      1.0,
      0.7142857142857143,
      0.75,
      0.8235294117647058,
      0.8823529411764706,
      0.9333333333333333,
      0.9285714285714286,
      1.0
    ],
    "recall": [
      1.0,
      0.7333333333333333,
      0.7333333333333333,
      0.8666666666666667,
      1.0,
      0.9333333333333333,
      1.0,
      1.0,
      1.0,
      0.6666666666666666,
      0.8,
      0.9333333333333333,
      1.0,
      0.9333333333333333,
      0.8666666666666667,
      1.0
    ],
    "f1": [
      1.0,
      0.8148148148148148,
      0.7857142857142857,
      0.8387096774193549,
      0.967741935483871,
      0.9333333333333333,
      1.0,
      1.0,
      1.0,
      0.6896551724137931,
      0.7741935483870968,
      0.875,
      0.9375,
      0.9333333333333333,
      0.896551724137931,
      1.0
    ],
    "support": [
      15,
      15,
      15,
      15,
      15,
      15,
      9,
      15,
      7,
      15,
      15,
      15,
      15,
      15,
      15,
      15
    ],
    "macro_precision": 0.9048891672053436,
    "macro_recall": 0.9041666666666666,
    "macro_f1": 0.9029092390648634,
    "weighted_precision": 0.8989973457047897,
    "weighted_recall": 0.8982300884955752,
    "weighted_f1": 0.8968947671485274
  },
  "test": {
    "oa": 0.856093979441997,
    "aa": 0.8774479166666667,
    "kappa": 0.8452351688921251,
    "per_class_acc": [
      1.0,
      0.64,
      0.64,
      0.92,
      0.94,
      0.96,
      1.0,
      1.0,
      1.0,
      0.84,
      0.52,
      0.82,
      1.0,
      0.86,
      0.92,
      0.9791666666666666
    ],
    "precision": [
      1.0,
      0.7441860465116279,
      0.9411764705882353,
      0.8214285714285714,
      0.94,
      0.96,
      1.0,
      1.0,
      0.6363636363636364,
      0.6461538461538462,
      0.65,
      0.6833333333333333,
      0.9433962264150944,
      0.9555555555555556,
      0.9019607843137255,
      1.0
    ],
    "recall": [
      1.0,
      0.64,
      0.64,
      0.92,
      0.94,
      0.96,
      1.0,
      1.0,
      1.0,
      0.84,
      0.52,
      0.82,
      1.0,
      0.86,
      0.92,
      0.9791666666666666
    ],
    "f1": [
      1.0,
      0.6881720430107527,
      0.7619047619047619,
      0.8679245283018868,
      0.94,
      0.96,
      1.0,
      1.0,
      0.7777777777777778,
      0.7304347826086957,
      0.5777777777777777,
      0.7454545454545455,
      0.970873786407767,
      0.9052631578947369,
      0.9108910891089109,
      0.9894736842105263
    ],
    "support": [
      16,
      50,
      50,
      50,
      50,
      50,
      10,
      50,
      7,
      50,
      50,
      50,
      50,
      50,
      50,
      48
    ],
    "macro_precision": 0.8639721544164766,
    "macro_recall": 0.8774479166666667,
    "macro_f1": 0.8641217459036337,
    "weighted_precision": 0.8631631235969824,
    "weighted_recall": 0.856093979441997,
    "weighted_f1": 0.8544405358444076
  },
  "test_bootstrap_95ci": {
    "oa_ci": [
      0.8311306901615272,
      0.8825624082232011
    ],
    "aa_ci": [
      0.8582308023479341,
      0.8991067077113477
    ],
    "kappa_ci": [
      0.8180390209740708,
      0.8736384804053923
    ]
  },
  "class_names": [
    "Alfalfa",
    "Corn-notill",
    "Corn-mintill",
    "Corn",
    "Grass-pasture",
    "Grass-trees",
    "Grass-pasture-mowed",
    "Hay-windrowed",
    "Oats",
    "Soybean-notill",
    "Soybean-mintill",
    "Soybean-clean",
    "Wheat",
    "Woods",
    "Buildings-Grass-Trees-Drives",
    "Stone-Steel-Towers"
  ],
  "qubit_dominant_region": [
    "Vis",
    "SWIR2",
    "SWIR2",
    "Vis"
  ]
}